USB2+H08074_1:101,laser on sample,laser off sample,no sample
189.124,-86.45,-142.77,-148.62
189.584,-86.45,-142.77,-148.62
190.044,-86.45,-142.77,-148.62
190.504,-175.39,-189.58,-141.6
190.964,-189.44,-105.32,-104.15
191.424,-100.5,-166.18,-200.12
191.884,-156.67,-107.66,-162.67
192.343,-137.95,-121.71,-174.37
192.803,-60.71,-102.98,-57.34
193.263,-25.6,-58.51,-73.73
193.722,-91.13,-107.66,-59.68
194.182,-53.69,-39.79,-80.75
194.642,-79.43,-49.15,-10.53
195.101,-16.24,4.68,-24.58
195.561,-2.19,-28.09,-10.53
196.02,-16.24,4.68,22.24
196.479,89.09,11.7,40.96
196.939,89.09,84.26,85.43
197.398,117.17,102.98,73.73
197.858,175.69,180.22,97.13
198.317,138.24,65.53,136.92
198.776,30.57,161.5,197.78
199.235,159.3,217.67,167.35
199.695,199.09,224.69,157.99
200.154,222.5,236.39,174.37
200.613,196.75,205.97,179.05
201.072,325.48,287.89,253.95
201.531,220.16,184.9,221.18
201.99,278.67,257.46,291.4
202.449,250.58,278.52,270.33
202.908,222.5,280.86,251.61
203.367,248.24,301.93,251.61
203.826,351.23,409.59,361.61
204.285,320.8,351.08,314.8
204.744,318.46,320.65,270.33
205.202,325.48,306.61,256.29
205.661,372.29,348.74,310.12
206.12,327.82,322.99,258.63
206.579,290.37,330.02,239.9
207.037,316.12,367.46,328.85
207.496,252.92,330.02,300.76
207.955,297.39,330.02,282.03
208.413,362.93,322.99,296.08
208.872,297.39,315.97,293.74
209.33,379.31,339.38,298.42
209.789,316.12,283.2,188.41
210.247,416.76,346.4,328.85
210.705,297.39,283.2,312.46
211.164,369.95,280.86,331.19
211.622,283.35,330.02,305.44
212.08,325.48,297.25,209.48
212.539,351.23,278.52,272.67
212.997,234.2,257.46,216.5
213.455,281.01,315.97,270.33
213.913,304.42,311.29,298.42
214.371,323.14,245.76,317.14
214.829,316.12,283.2,251.61
215.287,278.67,301.93,223.52
215.745,257.61,283.2,230.54
216.203,304.42,273.84,275.01
216.661,316.12,187.24,228.2
217.119,241.22,280.86,286.72
217.577,199.09,285.55,277.35
218.035,332.5,259.8,286.72
218.493,222.5,386.19,282.03
218.95,346.55,369.8,221.18
219.408,295.05,346.4,284.38
219.866,250.58,273.84,221.18
220.324,292.71,234.05,260.97
220.781,185.05,255.12,242.25
221.239,252.92,297.25,242.25
221.696,269.31,292.57,256.29
222.154,334.84,252.78,331.19
222.611,269.31,234.05,251.61
223.069,201.43,332.36,277.35
223.526,243.56,245.76,251.61
223.984,269.31,308.95,314.8
224.441,271.65,290.23,228.2
224.898,297.39,248.1,286.72
225.355,217.82,259.8,225.86
225.813,250.58,297.25,296.08
226.27,234.2,330.02,291.4
226.727,215.48,308.95,235.22
227.184,297.39,287.89,272.67
227.641,302.08,273.84,225.86
228.098,292.71,311.29,263.31
228.555,309.1,320.65,289.06
229.012,264.63,330.02,328.85
229.469,273.99,278.52,289.06
229.926,346.55,297.25,286.72
230.383,297.39,224.69,307.78
230.84,297.39,269.16,277.35
231.297,288.03,243.42,314.8
231.754,278.67,292.57,253.95
232.21,255.26,299.59,286.72
232.667,266.97,297.25,239.9
233.124,269.31,236.39,333.53
233.58,238.88,301.93,202.46
234.037,281.01,234.05,225.86
234.494,252.92,257.46,275.01
234.95,283.35,234.05,244.59
235.407,276.33,255.12,256.29
235.863,316.12,297.25,221.18
236.32,227.18,243.42,272.67
236.776,227.18,353.42,335.87
237.232,227.18,294.91,258.63
237.689,227.18,297.25,317.14
238.145,302.08,290.23,249.27
238.601,290.37,224.69,244.59
239.057,259.95,257.46,242.25
239.514,297.39,236.39,286.72
239.97,278.67,327.68,211.82
240.426,276.33,217.67,214.16
240.882,241.22,299.59,251.61
241.338,285.69,290.23,235.22
241.794,259.95,348.74,282.03
242.25,295.05,308.95,291.4
242.706,245.9,315.97,230.54
243.162,278.67,315.97,347.57
243.618,271.65,241.08,286.72
244.074,281.01,236.39,272.67
244.529,252.92,285.55,237.56
244.985,266.97,252.78,253.95
245.441,318.46,306.61,307.78
245.897,259.95,311.29,279.69
246.352,323.14,182.56,270.33
246.808,264.63,234.05,263.31
247.263,313.78,266.82,282.03
247.719,313.78,325.33,251.61
248.174,278.67,360.44,267.99
248.63,292.71,273.84,251.61
249.085,283.35,287.89,272.67
249.541,348.89,318.31,275.01
249.996,332.5,297.25,275.01
250.451,210.79,297.25,218.84
250.907,323.14,227.03,275.01
251.362,273.99,264.48,230.54
251.817,266.97,271.5,260.97
252.272,325.48,367.46,267.99
252.728,281.01,306.61,275.01
253.183,290.37,308.95,305.44
253.638,341.86,308.95,260.97
254.093,276.33,224.69,260.97
254.548,365.27,285.55,277.35
255.003,297.39,290.23,221.18
255.458,323.14,337.04,277.35
255.913,285.69,297.25,286.72
256.367,276.33,248.1,319.48
256.822,306.76,304.27,242.25
257.277,348.89,297.25,286.72
257.732,278.67,358.1,258.63
258.187,323.14,276.18,272.67
258.641,332.5,278.52,291.4
259.096,332.5,287.89,277.35
259.55,297.39,306.61,317.14
260.005,288.03,252.78,251.61
260.46,313.78,278.52,305.44
260.914,273.99,287.89,300.76
261.369,255.26,287.89,235.22
261.823,346.55,315.97,286.72
262.277,245.9,355.76,303.1
262.732,288.03,285.55,331.19
263.186,257.61,224.69,239.9
263.64,309.1,311.29,300.76
264.095,259.95,259.8,331.19
264.549,250.58,290.23,331.19
265.003,276.33,269.16,263.31
265.457,248.24,273.84,296.08
265.911,271.65,294.91,246.93
266.365,306.76,255.12,289.06
266.819,334.84,367.46,314.8
267.273,292.71,299.59,293.74
267.727,283.35,229.37,289.06
268.181,285.69,210.65,267.99
268.635,313.78,250.44,244.59
269.089,295.05,315.97,242.25
269.543,334.84,330.02,225.86
269.997,281.01,325.33,223.52
270.45,217.82,273.84,310.12
270.904,295.05,285.55,326.5
271.358,285.69,311.29,230.54
271.811,290.37,208.31,263.31
272.265,344.21,243.42,258.63
272.718,304.42,269.16,312.46
273.172,323.14,325.33,296.08
273.625,334.84,315.97,242.25
274.079,365.27,287.89,289.06
274.532,402.72,318.31,352.25
274.986,309.1,318.31,209.48
275.439,281.01,273.84,321.82
275.892,278.67,262.14,270.33
276.346,313.78,285.55,310.12
276.799,292.71,287.89,286.72
277.252,297.39,315.97,296.08
277.705,311.44,285.55,317.14
278.158,283.35,257.46,310.12
278.611,217.82,292.57,251.61
279.064,250.58,259.8,317.14
279.517,323.14,325.33,260.97
279.97,311.44,273.84,237.56
280.423,295.05,320.65,258.63
280.876,358.25,273.84,310.12
281.329,297.39,306.61,223.52
281.782,309.1,231.71,314.8
282.235,241.22,159.16,225.86
282.687,334.84,264.48,230.54
283.14,351.23,315.97,249.27
283.593,309.1,311.29,335.87
284.045,292.71,280.86,265.65
284.498,255.26,269.16,251.61
284.95,325.48,269.16,293.74
285.403,348.89,292.57,300.76
285.855,325.48,304.27,333.53
286.308,360.59,304.27,326.5
286.76,311.44,360.44,256.29
287.213,330.16,283.2,246.93
287.665,255.26,283.2,200.12
288.117,278.67,273.84,298.42
288.57,299.73,266.82,246.93
289.022,306.76,273.84,310.12
289.474,257.61,271.5,249.27
289.926,348.89,386.19,277.35
290.378,288.03,257.46,296.08
290.83,362.93,301.93,317.14
291.282,276.33,313.63,188.41
291.734,339.52,250.44,354.59
292.186,323.14,294.91,328.85
292.638,316.12,278.52,324.16
293.09,271.65,252.78,296.08
293.542,290.37,294.91,352.25
293.994,341.86,262.14,235.22
294.446,290.37,344.06,275.01
294.897,334.84,351.08,326.5
295.349,283.35,264.48,324.16
295.801,285.69,259.8,282.03
296.252,283.35,311.29,312.46
296.704,266.97,301.93,267.99
297.156,299.73,283.2,289.06
297.607,320.8,255.12,300.76
298.059,304.42,264.48,218.84
298.51,353.57,264.48,347.57
298.961,302.08,283.2,267.99
299.413,285.69,285.55,270.33
299.864,320.8,259.8,239.9
300.315,309.1,344.06,286.72
300.767,358.25,273.84,232.88
301.218,180.37,278.52,230.54
301.669,269.31,344.06,324.16
302.12,222.5,217.67,284.38
302.571,241.22,273.84,317.14
303.022,311.44,287.89,333.53
303.473,288.03,266.82,284.38
303.924,297.39,243.42,267.99
304.375,320.8,208.31,256.29
304.826,264.63,257.46,296.08
305.277,290.37,299.59,300.76
305.728,276.33,315.97,260.97
306.179,341.86,269.16,300.76
306.629,339.52,315.97,284.38
307.08,337.18,315.97,286.72
307.531,320.8,355.76,286.72
307.982,269.31,395.55,253.95
308.432,248.24,344.06,270.33
308.883,273.99,278.52,307.78
309.333,309.1,311.29,267.99
309.784,283.35,285.55,267.99
310.234,245.9,318.31,253.95
310.685,346.55,264.48,246.93
311.135,252.92,287.89,225.86
311.585,309.1,287.89,321.82
312.036,334.84,266.82,272.67
312.486,339.52,339.38,300.76
312.936,264.63,322.99,289.06
313.386,311.44,348.74,256.29
313.837,372.29,297.25,298.42
314.287,295.05,236.39,258.63
314.737,266.97,369.8,251.61
315.187,292.71,346.4,307.78
315.637,292.71,280.86,310.12
316.087,285.69,285.55,265.65
316.537,341.86,294.91,282.03
316.987,367.61,273.84,289.06
317.436,334.84,234.05,314.8
317.886,369.95,355.76,296.08
318.336,266.97,236.39,235.22
318.786,290.37,290.23,230.54
319.235,339.52,325.33,296.08
319.685,306.76,301.93,317.14
320.135,318.46,236.39,275.01
320.584,252.92,325.33,267.99
321.034,316.12,301.93,237.56
321.483,334.84,381.51,263.31
321.933,313.78,334.7,251.61
322.382,278.67,311.29,282.03
322.832,318.46,290.23,293.74
323.281,330.16,311.29,413.1
323.73,320.8,341.72,331.19
324.18,323.14,299.59,392.04
324.629,353.57,306.61,221.18
325.078,306.76,322.99,272.67
325.527,334.84,299.59,335.87
325.976,252.92,318.31,277.35
326.425,259.95,280.86,279.69
326.874,355.91,306.61,279.69
327.323,2127.69,2134.57,2198.93
327.772,365.27,484.49,445.87
328.221,402.72,250.44,239.9
328.67,334.84,334.7,326.5
329.119,248.24,294.91,237.56
329.568,278.67,294.91,256.29
330.017,332.5,287.89,305.44
330.465,339.52,306.61,307.78
330.914,295.05,337.04,317.14
331.363,311.44,315.97,188.41
331.811,339.52,353.42,347.57
332.26,288.03,330.02,296.08
332.708,334.84,311.29,244.59
333.157,297.39,297.25,289.06
333.605,288.03,381.51,291.4
334.054,309.1,224.69,209.48
334.502,285.69,304.27,272.67
334.951,313.78,358.1,267.99
335.399,323.14,325.33,314.8
335.847,273.99,337.04,296.08
336.295,259.95,348.74,263.31
336.744,318.46,269.16,282.03
337.192,259.95,308.95,333.53
337.64,271.65,334.7,289.06
338.088,320.8,273.84,317.14
338.536,285.69,327.68,286.72
338.984,285.69,383.85,289.06
339.432,332.5,301.93,324.16
339.88,295.05,290.23,349.91
340.328,285.69,322.99,237.56
340.776,351.23,365.12,263.31
341.223,344.21,318.31,244.59
341.671,344.21,248.1,232.88
342.119,290.37,273.84,279.69
342.566,316.12,322.99,314.8
343.014,271.65,362.78,307.78
343.462,241.22,292.57,328.85
343.909,302.08,322.99,356.93
344.357,259.95,320.65,263.31
344.804,281.01,334.7,256.29
345.252,283.35,189.58,258.63
345.699,323.14,358.1,263.31
346.147,318.46,234.05,352.25
346.594,271.65,294.91,256.29
347.041,271.65,386.19,317.14
347.488,266.97,322.99,310.12
347.936,266.97,257.46,312.46
348.383,259.95,276.18,207.14
348.83,257.61,322.99,305.44
349.277,320.8,344.06,300.76
349.724,346.55,306.61,331.19
350.171,323.14,315.97,305.44
350.618,360.59,217.67,291.4
351.065,327.82,264.48,258.63
351.512,281.01,322.99,286.72
351.959,337.18,285.55,270.33
352.406,355.91,311.29,263.31
352.852,288.03,299.59,267.99
353.299,309.1,259.8,267.99
353.746,365.27,318.31,289.06
354.192,297.39,311.29,335.87
354.639,372.29,304.27,272.67
355.086,269.31,330.02,321.82
355.532,288.03,414.27,265.65
355.979,332.5,301.93,282.03
356.425,311.44,395.55,289.06
356.872,252.92,330.02,272.67
357.318,252.92,311.29,331.19
357.764,311.44,334.7,326.5
358.211,351.23,278.52,331.19
358.657,318.46,334.7,223.52
359.103,332.5,327.68,279.69
359.549,313.78,273.84,225.86
359.995,222.5,320.65,284.38
360.442,285.69,341.72,239.9
360.888,306.76,386.19,328.85
361.334,288.03,339.38,279.69
361.78,266.97,301.93,347.57
362.226,259.95,306.61,307.78
362.672,318.46,229.37,333.53
363.117,292.71,285.55,298.42
363.563,309.1,269.16,298.42
364.009,402.72,306.61,272.67
364.455,292.71,374.49,253.95
364.9,266.97,355.76,335.87
365.346,304.42,210.65,300.76
365.792,351.23,318.31,333.53
366.237,309.1,231.71,317.14
366.683,297.39,325.33,260.97
367.128,276.33,341.72,284.38
367.574,311.44,264.48,354.59
368.019,306.76,285.55,275.01
368.465,353.57,360.44,300.76
368.91,281.01,337.04,282.03
369.355,316.12,332.36,218.84
369.801,313.78,358.1,282.03
370.246,297.39,220.01,258.63
370.691,290.37,257.46,188.41
371.136,323.14,234.05,356.93
371.581,320.8,358.1,298.42
372.026,323.14,358.1,242.25
372.471,302.08,320.65,277.35
372.916,248.24,280.86,333.53
373.361,243.56,334.7,251.61
373.806,276.33,320.65,328.85
374.251,250.58,318.31,256.29
374.696,290.37,308.95,317.14
375.141,351.23,264.48,324.16
375.585,341.86,276.18,349.91
376.03,306.76,224.69,305.44
376.475,365.27,334.7,373.32
376.919,231.86,297.25,296.08
377.364,313.78,376.83,333.53
377.809,281.01,337.04,305.44
378.253,341.86,355.76,321.82
378.697,297.39,304.27,179.05
379.142,299.73,332.36,333.53
379.586,292.71,327.68,218.84
380.031,302.08,339.38,289.06
380.475,290.37,271.5,321.82
380.919,369.95,313.63,300.76
381.363,323.14,259.8,237.56
381.808,288.03,297.25,291.4
382.252,255.26,241.08,249.27
382.696,358.25,252.78,251.61
383.14,297.39,348.74,258.63
383.584,320.8,325.33,361.61
384.028,337.18,273.84,305.44
384.472,351.23,428.32,256.29
384.916,353.57,271.5,270.33
385.36,409.74,360.44,340.55
385.803,238.88,301.93,307.78
386.247,346.55,245.76,256.29
386.691,332.5,334.7,345.23
387.135,250.58,241.08,352.25
387.578,372.29,264.48,305.44
388.022,297.39,320.65,291.4
388.465,288.03,234.05,305.44
388.909,353.57,330.02,305.44
389.352,292.71,339.38,275.01
389.796,292.71,348.74,272.67
390.239,379.31,236.39,284.38
390.683,304.42,315.97,293.74
391.126,283.35,402.57,328.85
391.569,327.82,278.52,307.78
392.012,306.76,369.8,347.57
392.456,297.39,313.63,305.44
392.899,295.05,294.91,324.16
393.342,316.12,273.84,331.19
393.785,318.46,315.97,331.19
394.228,283.35,255.12,328.85
394.671,210.79,306.61,253.95
395.114,325.48,379.17,246.93
395.557,285.69,337.04,260.97
396,304.42,292.57,321.82
396.443,306.76,280.86,286.72
396.885,304.42,301.93,338.21
397.328,313.78,327.68,328.85
397.771,257.61,348.74,356.93
398.214,278.67,360.44,375.66
398.656,325.48,332.36,338.21
399.099,337.18,386.19,263.31
399.541,330.16,252.78,305.44
399.984,304.42,334.7,253.95
400.426,292.71,273.84,291.4
400.869,339.52,351.08,282.03
401.311,316.12,285.55,356.93
401.753,313.78,322.99,328.85
402.196,320.8,285.55,298.42
402.638,292.71,372.15,286.72
403.08,302.08,344.06,267.99
403.522,297.39,297.25,305.44
403.964,306.76,358.1,335.87
404.406,339.52,341.72,284.38
404.849,273.99,294.91,303.1
405.291,358.25,334.7,363.95
405.733,297.39,367.46,300.76
406.174,320.8,358.1,221.18
406.616,360.59,262.14,260.97
407.058,269.31,266.82,296.08
407.5,285.69,304.27,293.74
407.942,337.18,334.7,256.29
408.383,295.05,306.61,321.82
408.825,236.54,322.99,249.27
409.267,306.76,318.31,300.76
409.708,334.84,273.84,338.21
410.15,341.86,301.93,335.87
410.591,332.5,325.33,249.27
411.033,334.84,311.29,359.27
411.474,292.71,337.04,310.12
411.916,266.97,287.89,298.42
412.357,278.67,376.83,326.5
412.798,365.27,290.23,296.08
413.24,264.63,365.12,366.29
413.681,264.63,315.97,326.5
414.122,320.8,280.86,305.44
414.563,325.48,269.16,267.99
415.004,276.33,346.4,279.69
415.445,213.14,301.93,263.31
415.886,304.42,287.89,345.23
416.327,348.89,285.55,242.25
416.768,304.42,306.61,270.33
417.209,341.86,325.33,225.86
417.65,360.59,299.59,289.06
418.091,365.27,332.36,246.93
418.531,269.31,332.36,317.14
418.972,290.37,255.12,352.25
419.413,297.39,276.18,246.93
419.853,297.39,358.1,291.4
420.294,266.97,344.06,314.8
420.735,243.56,257.46,275.01
421.175,304.42,372.15,277.35
421.615,323.14,355.76,270.33
422.056,304.42,311.29,284.38
422.496,316.12,322.99,345.23
422.937,271.65,292.57,368.63
423.377,339.52,278.52,349.91
423.817,306.76,313.63,307.78
424.257,297.39,334.7,307.78
424.698,313.78,332.36,324.16
425.138,351.23,266.82,286.72
425.578,344.21,294.91,303.1
426.018,306.76,297.25,333.53
426.458,273.99,276.18,300.76
426.898,388.68,344.06,328.85
427.338,320.8,327.68,282.03
427.778,327.82,301.93,310.12
428.217,339.52,330.02,296.08
428.657,344.21,341.72,300.76
429.097,323.14,266.82,258.63
429.537,245.9,341.72,275.01
429.976,309.1,320.65,373.32
430.416,365.27,313.63,300.76
430.855,297.39,318.31,317.14
431.295,325.48,285.55,293.74
431.734,339.52,369.8,270.33
432.174,304.42,327.68,326.5
432.613,334.84,402.57,272.67
433.053,334.84,308.95,267.99
433.492,304.42,318.31,307.78
433.931,281.01,418.96,279.69
434.371,323.14,285.55,333.53
434.81,285.69,315.97,331.19
435.249,245.9,348.74,361.61
435.688,243.56,334.7,366.29
436.127,266.97,273.84,282.03
436.566,295.05,402.57,286.72
437.005,323.14,381.51,368.63
437.444,334.84,320.65,331.19
437.883,302.08,297.25,335.87
438.322,372.29,367.46,335.87
438.761,281.01,327.68,345.23
439.199,346.55,308.95,312.46
439.638,334.84,381.51,352.25
440.077,344.21,346.4,333.53
440.515,288.03,325.33,349.91
440.954,325.48,252.78,338.21
441.393,283.35,311.29,291.4
441.831,304.42,304.27,359.27
442.27,264.63,334.7,270.33
442.708,297.39,386.19,267.99
443.146,250.58,365.12,406.08
443.585,295.05,332.36,338.21
444.023,264.63,292.57,347.57
444.461,309.1,308.95,326.5
444.899,316.12,318.31,282.03
445.338,344.21,280.86,356.93
445.776,285.69,360.44,312.46
446.214,292.71,255.12,279.69
446.652,285.69,308.95,293.74
447.09,367.61,355.76,296.08
447.528,348.89,273.84,279.69
447.966,360.59,334.7,373.32
448.404,320.8,355.76,321.82
448.841,309.1,344.06,331.19
449.279,236.54,325.33,338.21
449.717,325.48,367.46,314.8
450.155,325.48,348.74,298.42
450.592,273.99,292.57,328.85
451.03,318.46,346.4,324.16
451.467,297.39,372.15,345.23
451.905,311.44,315.97,263.31
452.343,323.14,241.08,326.5
452.78,288.03,348.74,279.69
453.217,243.56,337.04,265.65
453.655,339.52,383.85,380.34
454.092,332.5,348.74,317.14
454.529,332.5,308.95,368.63
454.966,318.46,376.83,303.1
455.404,276.33,311.29,275.01
455.841,355.91,311.29,361.61
456.278,344.21,367.46,352.25
456.715,269.31,311.29,324.16
457.152,248.24,304.27,312.46
457.589,266.97,362.78,324.16
458.026,259.95,386.19,321.82
458.463,376.97,362.78,399.06
458.9,292.71,407.25,324.16
459.336,360.59,341.72,319.48
459.773,369.95,402.57,366.29
460.21,360.59,322.99,331.19
460.646,318.46,301.93,317.14
461.083,320.8,311.29,321.82
461.52,367.61,395.55,349.91
461.956,353.57,308.95,431.83
462.393,302.08,355.76,356.93
462.829,362.93,341.72,314.8
463.265,358.25,362.78,338.21
463.702,405.06,374.49,338.21
464.138,309.1,348.74,272.67
464.574,348.89,367.46,314.8
465.011,318.46,388.53,326.5
465.447,306.76,341.72,394.38
465.883,430.8,348.74,314.8
466.319,292.71,330.02,352.25
466.755,376.97,379.17,387.36
467.191,398.04,355.76,469.28
467.627,360.59,344.06,347.57
468.063,395.7,322.99,349.91
468.499,351.23,348.74,403.74
468.935,381.65,397.89,387.36
469.37,334.84,379.17,385.02
469.806,372.29,381.51,319.48
470.242,323.14,372.15,370.97
470.678,346.55,297.25,342.89
471.113,313.78,411.93,354.59
471.549,311.44,390.87,378
471.984,316.12,337.04,385.02
472.42,367.61,430.66,345.23
472.855,351.23,322.99,361.61
473.291,358.25,418.96,382.68
473.726,365.27,397.89,361.61
474.161,353.57,379.17,352.25
474.596,295.05,407.25,352.25
475.032,330.16,435.34,310.12
475.467,367.61,395.55,406.08
475.902,376.97,444.7,307.78
476.337,325.48,372.15,408.42
476.772,381.65,386.19,385.02
477.207,344.21,376.83,349.91
477.642,339.52,383.85,392.04
478.077,369.95,423.64,441.19
478.512,379.31,418.96,464.6
478.947,341.86,451.72,361.61
479.381,330.16,353.42,413.1
479.816,395.7,402.57,359.27
480.251,325.48,456.4,422.47
480.686,351.23,416.62,389.7
481.12,320.8,341.72,469.28
481.555,360.59,561.73,541.83
481.989,376.97,461.09,450.55
482.424,369.95,407.25,450.55
482.858,475.28,449.38,438.85
483.292,419.1,512.58,504.39
483.727,400.38,587.47,473.96
484.161,456.55,475.13,595.67
484.595,578.26,753.65,801.63
485.03,781.89,1160.91,1274.42
485.464,1495.75,2118.18,2589.8
485.898,2570.05,3878.27,4841.4
486.332,4166.3,6523.07,7806.86
486.766,6183.84,10118.14,11989.39
487.2,8374.58,14068.96,17405.39
487.634,11461.75,19016.85,23303.54
488.068,14527.85,24343.91,30154.29
488.502,18867.2,30576.76,38470.22
488.935,23290.82,37745.82,46605.92
489.369,28505.53,46787.31,54992.06
489.803,33841.95,53448.47,59577.17
490.236,39910.96,58525.1,63982.05
490.67,45593.78,61537.36,65096.15
491.104,50635.3,63859.18,65096.15
491.537,53214.57,65106.68,65096.15
491.971,53858.21,65106.68,65096.15
492.404,51878.12,64498.14,65096.15
492.838,44357.98,59327.9,64569.53
493.271,31763.56,47360.74,53323.25
493.704,17895.88,26581.46,31099.87
494.137,8594.59,11705.02,13840.76
494.571,3302.64,4657.67,5239.29
495.004,1441.92,1804.55,1976.58
495.437,753.8,961.96,1136.33
495.87,618.05,713.86,710.35
496.303,522.09,631.94,712.69
496.736,491.66,533.64,583.96
497.169,505.7,493.85,523.11
497.602,512.72,528.96,583.96
498.035,419.1,454.06,438.85
498.468,388.68,433,459.92
498.9,400.38,498.53,478.64
499.333,398.04,442.36,483.32
499.766,407.4,381.51,539.49
500.198,407.4,423.64,483.32
500.631,341.86,449.38,459.92
501.064,398.04,362.78,438.85
501.496,381.65,437.68,445.87
501.929,423.78,383.85,403.74
502.361,353.57,348.74,473.96
502.793,414.42,407.25,410.76
503.226,369.95,456.4,422.47
503.658,341.86,444.7,450.55
504.09,316.12,381.51,436.51
504.522,419.1,498.53,436.51
504.955,421.44,437.68,424.81
505.387,348.89,449.38,466.94
505.819,292.71,451.72,443.53
506.251,332.5,397.89,413.1
506.683,290.37,421.3,378
507.115,341.86,423.64,473.96
507.546,327.82,386.19,352.25
507.978,344.21,456.4,422.47
508.41,365.27,404.91,406.08
508.842,346.55,418.96,354.59
509.273,318.46,458.74,389.7
509.705,367.61,428.32,410.76
510.137,400.38,423.64,459.92
510.568,388.68,437.68,448.21
511,405.06,442.36,396.72
511.431,376.97,390.87,504.39
511.863,372.29,402.57,436.51
512.294,393.36,447.04,445.87
512.725,362.93,416.62,406.08
513.157,412.08,404.91,443.53
513.588,388.68,470.45,525.45
514.019,383.99,418.96,520.77
514.45,405.06,440.02,389.7
514.881,376.97,449.38,548.86
515.312,386.33,407.25,488
515.743,320.8,468.11,459.92
516.174,395.7,442.36,499.7
516.605,393.36,484.49,567.58
517.036,388.68,477.47,523.11
517.467,334.84,447.04,509.07
517.898,367.61,421.3,466.94
518.328,456.55,430.66,504.39
518.759,407.4,486.83,541.83
519.19,395.7,449.38,520.77
519.62,402.72,407.25,537.15
520.051,379.31,498.53,520.77
520.481,395.7,472.79,450.55
520.912,435.49,461.09,480.98
521.342,489.32,456.4,586.3
521.773,437.83,472.79,553.54
522.203,327.82,395.55,527.79
522.633,416.76,538.32,516.09
523.064,426.12,489.17,525.45
523.494,383.99,423.64,546.52
523.924,451.87,423.64,628.43
524.354,360.59,477.47,567.58
524.784,376.97,582.79,523.11
525.214,451.87,479.81,562.9
525.644,412.08,454.06,562.9
526.074,430.8,482.15,525.45
526.504,442.51,512.58,502.04
526.934,468.25,512.58,595.67
527.363,461.23,468.11,553.54
527.793,386.33,477.47,546.52
528.223,444.85,566.41,518.43
528.652,414.42,430.66,560.56
529.082,327.82,416.62,583.96
529.512,369.95,512.58,478.64
529.941,398.04,461.09,590.99
530.371,472.93,486.83,621.41
530.8,435.49,535.98,532.47
531.229,421.44,433,499.7
531.659,447.19,475.13,488
532.088,426.12,444.7,488
532.517,468.25,468.11,476.3
532.946,433.15,411.93,569.92
533.375,412.08,456.4,511.41
533.805,440.17,437.68,457.57
534.234,391.02,475.13,546.52
534.663,391.02,454.06,478.64
535.091,442.51,435.34,476.3
535.52,409.74,435.34,525.45
535.949,405.06,475.13,455.23
536.378,451.87,437.68,459.92
536.807,409.74,447.04,370.97
537.236,398.04,468.11,459.92
537.664,405.06,428.32,443.53
538.093,379.31,465.77,473.96
538.521,456.55,470.45,483.32
538.95,360.59,404.91,436.51
539.378,358.25,435.34,555.88
539.807,339.52,433,488
540.235,386.33,442.36,473.96
540.664,444.85,458.74,513.75
541.092,400.38,409.59,387.36
541.52,360.59,360.44,509.07
541.948,421.44,423.64,488
542.376,402.72,472.79,488
542.805,433.15,397.89,516.09
543.233,423.78,395.55,462.26
543.661,416.76,449.38,480.98
544.089,407.4,407.25,495.02
544.517,391.02,468.11,443.53
544.944,351.23,402.57,499.7
545.372,421.44,510.24,462.26
545.8,351.23,386.19,495.02
546.228,381.65,437.68,513.75
546.655,379.31,428.32,457.57
547.083,428.46,404.91,443.53
547.511,407.4,454.06,516.09
547.938,447.19,428.32,504.39
548.366,416.76,477.47,427.15
548.793,407.4,456.4,541.83
549.221,360.59,458.74,436.51
549.648,383.99,407.25,429.49
550.075,348.89,472.79,443.53
550.503,383.99,425.98,436.51
550.93,407.4,440.02,410.76
551.357,402.72,454.06,445.87
551.784,407.4,423.64,420.13
552.211,433.15,365.12,378
552.638,334.84,395.55,431.83
553.065,451.87,414.27,403.74
553.492,362.93,395.55,434.17
553.919,353.57,423.64,413.1
554.346,391.02,341.72,466.94
554.773,376.97,444.7,438.85
555.2,416.76,414.27,394.38
555.626,353.57,433,361.61
556.053,337.18,416.62,417.79
556.479,433.15,402.57,408.42
556.906,416.76,402.57,434.17
557.333,372.29,428.32,495.02
557.759,400.38,425.98,429.49
558.185,379.31,393.21,462.26
558.612,393.36,407.25,443.53
559.038,444.85,407.25,448.21
559.464,409.74,444.7,438.85
559.891,360.59,397.89,413.1
560.317,402.72,433,420.13
560.743,393.36,400.23,476.3
561.169,365.27,433,513.75
561.595,376.97,482.15,408.42
562.021,409.74,386.19,408.42
562.447,501.02,437.68,375.66
562.873,433.15,428.32,511.41
563.299,379.31,503.22,480.98
563.725,433.15,456.4,403.74
564.15,423.78,423.64,450.55
564.576,402.72,454.06,509.07
565.002,463.57,428.32,410.76
565.427,533.79,461.09,438.85
565.853,447.19,491.51,373.32
566.279,461.23,461.09,438.85
566.704,437.83,437.68,480.98
567.13,426.12,407.25,478.64
567.555,489.32,479.81,483.32
567.98,461.23,451.72,457.57
568.406,531.45,451.72,434.17
568.831,421.44,423.64,406.08
569.256,470.59,435.34,441.19
569.681,505.7,486.83,443.53
570.106,505.7,498.53,403.74
570.531,522.09,416.62,382.68
570.956,430.8,484.49,471.62
571.381,435.49,444.7,478.64
571.806,447.19,465.77,427.15
572.231,601.66,395.55,396.72
572.656,496.34,454.06,403.74
573.081,571.24,472.79,462.26
573.505,592.3,407.25,445.87
573.93,517.4,484.49,392.04
574.355,566.56,461.09,455.23
574.779,606.35,528.96,427.15
575.204,559.53,414.27,380.34
575.628,533.79,479.81,504.39
576.053,632.09,526.62,443.53
576.477,533.79,524.28,506.73
576.901,589.96,521.94,401.4
577.326,512.72,561.73,410.76
577.75,522.09,479.81,420.13
578.174,641.45,557.05,375.66
578.598,585.28,517.26,401.4
579.022,611.03,573.43,448.21
579.446,625.07,545.34,406.08
579.87,606.35,475.13,368.63
580.294,751.46,535.98,324.16
580.718,669.54,557.05,321.82
581.142,653.16,568.75,408.42
581.566,704.65,533.64,394.38
581.99,641.45,622.58,417.79
582.413,730.39,552.37,305.44
582.837,690.6,561.73,319.48
583.261,709.33,606.2,375.66
583.684,728.05,554.71,370.97
584.108,756.14,594.5,342.89
584.531,739.76,603.86,399.06
584.955,746.78,655.35,373.32
585.378,819.33,524.28,424.81
585.801,798.27,631.94,385.02
586.225,742.1,552.37,424.81
586.648,807.63,610.88,378
587.071,791.25,662.37,370.97
587.494,814.65,617.9,375.66
587.917,819.33,669.39,359.27
588.34,838.06,610.88,396.72
588.763,751.46,655.35,399.06
589.186,880.19,592.16,345.23
589.609,901.25,683.44,363.95
590.032,908.27,716.2,373.32
590.455,863.8,734.93,406.08
590.878,852.1,671.73,361.61
591.3,964.45,617.9,382.68
591.723,976.15,702.16,331.19
592.145,992.53,720.88,347.57
592.568,1041.68,760.67,375.66
592.991,1083.81,732.59,375.66
593.413,917.64,718.54,385.02
593.835,1055.73,758.33,354.59
594.258,1074.45,723.23,324.16
594.68,1135.31,755.99,408.42
595.102,1107.22,709.18,413.1
595.525,1158.71,671.73,401.4
595.947,1125.94,732.59,321.82
596.369,1224.25,741.95,363.95
596.791,1191.48,662.37,366.29
597.213,1264.04,723.23,375.66
597.635,1261.7,751.31,375.66
598.057,1247.65,744.29,359.27
598.479,1345.95,732.59,296.08
598.901,1324.89,685.78,396.72
599.322,1437.24,760.67,326.5
599.744,1378.72,798.12,363.95
600.166,1425.53,746.63,321.82
600.587,1413.83,812.17,349.91
601.009,1526.18,795.78,349.91
601.431,1458.3,734.93,349.91
601.852,1448.94,798.12,349.91
602.273,1439.58,758.33,352.25
602.695,1582.35,814.51,380.34
603.116,1554.26,774.72,342.89
603.537,1495.75,819.19,312.46
603.959,1713.42,873.02,403.74
604.38,1594.05,802.8,375.66
604.801,1528.52,795.78,370.97
605.222,1617.46,793.44,305.44
605.643,1692.35,777.06,385.02
606.064,1675.97,760.67,389.7
606.485,1739.16,788.76,279.69
606.906,1622.14,798.12,361.61
607.327,1678.31,791.1,389.7
607.748,1741.5,809.83,354.59
608.168,1605.75,821.53,410.76
608.589,1629.16,809.83,424.81
609.01,1650.22,821.53,399.06
609.43,1680.65,826.21,396.72
609.851,1640.86,718.54,307.78
610.272,1643.2,770.04,361.61
610.692,1612.78,774.72,375.66
611.112,1746.19,770.04,326.5
611.533,1598.73,781.74,356.93
611.953,1690.01,739.61,356.93
612.373,1778.95,788.76,310.12
612.794,1636.18,755.99,368.63
613.214,1584.69,830.89,331.19
613.634,1587.03,779.4,382.68
614.054,1601.07,748.97,352.25
614.474,1587.03,779.4,370.97
614.894,1528.52,788.76,286.72
615.314,1638.52,779.4,399.06
615.734,1537.88,770.04,356.93
616.153,1601.07,770.04,345.23
616.573,1598.73,816.85,328.85
616.993,1448.94,781.74,324.16
617.413,1544.9,641.31,321.82
617.832,1418.51,807.48,363.95
618.252,1390.42,746.63,272.67
618.671,1402.13,793.44,260.97
619.091,1406.81,718.54,370.97
619.51,1470,723.23,331.19
619.93,1381.06,655.35,282.03
620.349,1458.3,704.5,354.59
620.768,1406.81,732.59,394.38
621.187,1462.98,730.25,321.82
621.607,1278.08,634.29,312.46
622.026,1388.08,748.97,359.27
622.445,1329.57,681.1,263.31
622.864,1289.78,610.88,317.14
623.283,1362.34,690.46,300.76
623.702,1292.12,615.56,338.21
624.121,1257.01,638.97,352.25
624.54,1240.63,667.05,310.12
624.958,1364.68,641.31,363.95
625.377,1287.44,589.82,375.66
625.796,1210.2,587.47,246.93
626.214,1261.7,657.69,300.76
626.633,1242.97,634.29,270.33
627.051,1179.78,613.22,253.95
627.47,1191.48,695.14,382.68
627.888,1205.52,631.94,321.82
628.307,1217.22,610.88,368.63
628.725,1219.57,610.88,324.16
629.143,1116.58,552.37,333.53
629.562,1086.15,573.43,319.48
629.98,1203.18,631.94,361.61
630.398,1158.71,557.05,342.89
630.816,1095.52,535.98,258.63
631.234,1196.16,622.58,251.61
631.652,1125.94,620.24,291.4
632.07,1132.97,592.16,282.03
632.488,1121.26,578.11,275.01
632.906,1177.44,580.45,333.53
633.323,1093.18,580.45,284.38
633.741,1039.34,622.58,317.14
634.159,1074.45,601.52,321.82
634.576,1046.37,610.88,272.67
634.994,1055.73,573.43,345.23
635.412,1046.37,638.97,375.66
635.829,997.21,512.58,314.8
636.247,1015.94,552.37,328.85
636.664,994.87,601.52,310.12
637.081,1046.37,594.5,368.63
637.499,976.15,606.2,328.85
637.916,1083.81,566.41,314.8
638.333,992.53,519.6,324.16
638.75,1013.6,610.88,296.08
639.167,903.59,585.13,312.46
639.584,990.19,505.56,352.25
640.001,896.57,594.5,352.25
640.418,964.45,503.22,319.48
640.835,922.32,493.85,319.48
641.252,1018.28,575.77,338.21
641.669,945.72,557.05,307.78
642.085,999.56,561.73,284.38
642.502,919.98,489.17,333.53
642.919,859.12,503.22,312.46
643.335,962.11,482.15,310.12
643.752,835.72,524.28,253.95
644.168,767.84,491.51,298.42
644.585,903.59,517.26,307.78
645.001,889.55,533.64,303.1
645.417,802.95,557.05,331.19
645.834,807.63,475.13,340.55
646.25,784.23,540.66,218.84
646.666,922.32,444.7,300.76
647.082,798.27,489.17,282.03
647.498,845.08,533.64,291.4
647.914,800.61,528.96,310.12
648.33,784.23,425.98,349.91
648.746,739.76,472.79,328.85
649.162,753.8,498.53,319.48
649.578,777.2,531.3,314.8
649.994,800.61,461.09,291.4
650.409,699.97,430.66,298.42
650.825,788.91,386.19,385.02
651.241,723.37,411.93,385.02
651.656,732.73,461.09,307.78
652.072,756.14,503.22,275.01
652.487,618.05,409.59,305.44
652.903,681.24,423.64,298.42
653.318,744.44,397.89,317.14
653.733,596.98,435.34,314.8
654.149,669.54,456.4,300.76
654.564,657.84,454.06,300.76
654.979,660.18,407.25,338.21
655.394,660.18,428.32,340.55
655.809,671.88,348.74,333.53
656.224,690.6,372.15,312.46
656.639,634.43,451.72,326.5
657.054,580.6,470.45,267.99
657.469,650.82,435.34,324.16
657.884,594.64,447.04,263.31
658.298,611.03,355.76,307.78
658.713,580.6,404.91,272.67
659.128,615.71,414.27,363.95
659.542,641.45,489.17,345.23
659.957,620.39,428.32,296.08
660.371,573.58,332.36,263.31
660.786,547.83,421.3,335.87
661.2,587.62,414.27,244.59
661.615,641.45,418.96,244.59
662.029,611.03,379.17,267.99
662.443,596.98,379.17,300.76
662.857,634.43,383.85,214.16
663.272,601.66,440.02,263.31
663.686,580.6,355.76,300.76
664.1,543.15,383.85,375.66
664.514,540.81,463.43,300.76
664.928,529.11,381.51,298.42
665.341,517.4,376.83,291.4
665.755,526.77,411.93,338.21
666.169,428.46,330.02,253.95
666.583,498.68,341.72,293.74
666.996,475.28,390.87,258.63
667.41,522.09,386.19,286.72
667.824,501.02,409.59,284.38
668.237,557.19,416.62,352.25
668.651,470.59,444.7,298.42
669.064,426.12,355.76,267.99
669.478,477.62,362.78,305.44
669.891,501.02,362.78,314.8
670.304,454.21,327.68,319.48
670.717,419.1,297.25,256.29
671.13,461.23,360.44,347.57
671.544,454.21,348.74,239.9
671.957,444.85,379.17,345.23
672.37,444.85,444.7,331.19
672.783,508.04,470.45,307.78
673.196,412.08,395.55,319.48
673.608,522.09,339.38,321.82
674.021,465.91,390.87,312.46
674.434,388.68,341.72,286.72
674.847,440.17,334.7,305.44
675.259,405.06,353.42,270.33
675.672,428.46,372.15,328.85
676.084,501.02,348.74,272.67
676.497,426.12,311.29,282.03
676.909,465.91,416.62,284.38
677.322,503.36,344.06,296.08
677.734,421.44,397.89,267.99
678.146,433.15,379.17,282.03
678.559,383.99,266.82,282.03
678.971,437.83,330.02,225.86
679.383,419.1,311.29,293.74
679.795,348.89,376.83,209.48
680.207,489.32,400.23,277.35
680.619,391.02,386.19,319.48
681.031,484.64,367.46,244.59
681.443,440.17,330.02,326.5
681.855,369.95,330.02,310.12
682.267,374.63,372.15,279.69
682.678,423.78,414.27,258.63
683.09,386.33,341.72,300.76
683.502,456.55,334.7,249.27
683.913,407.4,358.1,305.44
684.325,320.8,332.36,296.08
684.736,391.02,327.68,331.19
685.147,395.7,376.83,333.53
685.559,419.1,332.36,263.31
685.97,369.95,332.36,260.97
686.381,405.06,332.36,277.35
686.793,386.33,360.44,335.87
687.204,398.04,383.85,307.78
687.615,360.59,322.99,298.42
688.026,395.7,372.15,289.06
688.437,409.74,320.65,324.16
688.848,407.4,346.4,300.76
689.259,421.44,327.68,312.46
689.67,402.72,287.89,263.31
690.08,416.76,299.59,284.38
690.491,372.29,400.23,317.14
690.902,398.04,327.68,253.95
691.312,358.25,311.29,310.12
691.723,386.33,339.38,310.12
692.133,309.1,330.02,317.14
692.544,393.36,327.68,253.95
692.954,444.85,330.02,375.66
693.365,376.97,386.19,296.08
693.775,332.5,358.1,333.53
694.185,383.99,416.62,326.5
694.596,388.68,381.51,338.21
695.006,381.65,362.78,270.33
695.416,348.89,339.38,279.69
695.826,409.74,376.83,317.14
696.236,334.84,346.4,293.74
696.646,416.76,322.99,375.66
697.056,416.76,315.97,321.82
697.466,360.59,311.29,293.74
697.875,358.25,304.27,275.01
698.285,334.84,374.49,277.35
698.695,346.55,353.42,282.03
699.104,372.29,355.76,263.31
699.514,351.23,241.08,282.03
699.923,376.97,339.38,331.19
700.333,332.5,311.29,291.4
700.742,402.72,332.36,246.93
701.152,407.4,308.95,331.19
701.561,311.44,330.02,263.31
701.97,351.23,360.44,352.25
702.38,369.95,353.42,321.82
702.789,334.84,362.78,256.29
703.198,383.99,301.93,282.03
703.607,395.7,372.15,256.29
704.016,379.31,311.29,349.91
704.425,402.72,337.04,326.5
704.834,344.21,322.99,300.76
705.243,304.42,283.2,319.48
705.651,311.44,264.48,333.53
706.06,381.65,318.31,300.76
706.469,388.68,344.06,298.42
706.877,367.61,348.74,331.19
707.286,405.06,386.19,370.97
707.694,386.33,322.99,403.74
708.103,362.93,341.72,286.72
708.511,372.29,353.42,314.8
708.92,311.44,334.7,270.33
709.328,334.84,280.86,267.99
709.736,285.69,304.27,272.67
710.144,386.33,362.78,310.12
710.553,334.84,402.57,249.27
710.961,358.25,379.17,300.76
711.369,332.5,376.83,317.14
711.777,327.82,306.61,359.27
712.185,309.1,390.87,296.08
712.593,276.33,259.8,298.42
713,332.5,362.78,310.12
713.408,372.29,337.04,275.01
713.816,372.29,339.38,296.08
714.224,367.61,315.97,270.33
714.631,344.21,283.2,267.99
715.039,381.65,369.8,305.44
715.446,383.99,339.38,251.61
715.854,325.48,308.95,296.08
716.261,360.59,414.27,253.95
716.669,355.91,365.12,305.44
717.076,369.95,311.29,324.16
717.483,281.01,308.95,331.19
717.89,332.5,334.7,312.46
718.297,325.48,348.74,307.78
718.705,285.69,330.02,300.76
719.112,353.57,306.61,338.21
719.519,376.97,294.91,284.38
719.925,297.39,320.65,352.25
720.332,327.82,306.61,333.53
720.739,318.46,327.68,307.78
721.146,360.59,306.61,319.48
721.553,302.08,315.97,242.25
721.959,351.23,299.59,277.35
722.366,309.1,315.97,307.78
722.773,388.68,334.7,324.16
723.179,330.16,301.93,279.69
723.585,381.65,306.61,349.91
723.992,339.52,308.95,375.66
724.398,313.78,334.7,338.21
724.804,372.29,271.5,282.03
725.211,381.65,315.97,331.19
725.617,372.29,358.1,307.78
726.023,341.86,280.86,300.76
726.429,351.23,294.91,300.76
726.835,320.8,304.27,211.82
727.241,325.48,337.04,270.33
727.647,334.84,339.38,338.21
728.053,255.26,327.68,275.01
728.459,320.8,304.27,256.29
728.864,339.52,269.16,305.44
729.27,318.46,372.15,300.76
729.676,362.93,257.46,333.53
730.081,355.91,297.25,270.33
730.487,281.01,318.31,270.33
730.892,309.1,297.25,317.14
731.298,330.16,334.7,286.72
731.703,360.59,372.15,354.59
732.108,299.73,285.55,314.8
732.514,309.1,311.29,373.32
732.919,281.01,280.86,312.46
733.324,311.44,320.65,363.95
733.729,419.1,330.02,211.82
734.134,379.31,294.91,251.61
734.539,257.61,290.23,193.09
734.944,297.39,348.74,275.01
735.349,320.8,290.23,303.1
735.754,285.69,327.68,263.31
736.159,311.44,271.5,275.01
736.563,297.39,337.04,326.5
736.968,355.91,327.68,239.9
737.373,346.55,315.97,345.23
737.777,330.16,252.78,282.03
738.182,297.39,306.61,296.08
738.586,325.48,332.36,282.03
738.991,295.05,290.23,310.12
739.395,358.25,322.99,272.67
739.799,383.99,358.1,354.59
740.204,290.37,311.29,338.21
740.608,313.78,320.65,293.74
741.012,325.48,337.04,298.42
741.416,259.95,344.06,258.63
741.82,362.93,283.2,338.21
742.224,297.39,290.23,284.38
742.628,323.14,407.25,349.91
743.032,330.16,315.97,338.21
743.436,309.1,259.8,354.59
743.839,327.82,297.25,317.14
744.243,311.44,346.4,298.42
744.647,281.01,322.99,246.93
745.05,302.08,318.31,328.85
745.454,320.8,327.68,324.16
745.857,327.82,325.33,363.95
746.261,302.08,372.15,223.52
746.664,376.97,367.46,331.19
747.067,351.23,320.65,275.01
747.471,320.8,273.84,246.93
747.874,341.86,271.5,307.78
748.277,304.42,348.74,314.8
748.68,309.1,358.1,277.35
749.083,278.67,330.02,279.69
749.486,391.02,290.23,251.61
749.889,379.31,311.29,263.31
750.292,283.35,280.86,244.59
750.695,313.78,285.55,286.72
751.098,318.46,299.59,305.44
751.5,355.91,353.42,338.21
751.903,376.97,322.99,256.29
752.306,334.84,353.42,256.29
752.708,243.56,339.38,300.76
753.111,325.48,269.16,333.53
753.513,341.86,332.36,333.53
753.915,290.37,393.21,307.78
754.318,290.37,269.16,298.42
754.72,330.16,348.74,291.4
755.122,288.03,308.95,275.01
755.524,351.23,348.74,267.99
755.927,344.21,306.61,239.9
756.329,318.46,236.39,275.01
756.731,318.46,360.44,335.87
757.133,320.8,311.29,291.4
757.534,297.39,294.91,249.27
757.936,297.39,250.44,181.39
758.338,313.78,306.61,373.32
758.74,259.95,290.23,342.89
759.141,311.44,294.91,324.16
759.543,398.04,339.38,312.46
759.945,295.05,407.25,399.06
760.346,281.01,290.23,258.63
760.748,299.73,346.4,300.76
761.149,273.99,346.4,235.22
761.55,339.52,339.38,305.44
761.952,362.93,341.72,321.82
762.353,302.08,294.91,310.12
762.754,297.39,346.4,225.86
763.155,348.89,339.38,298.42
763.556,332.5,269.16,298.42
763.957,313.78,306.61,263.31
764.358,339.52,344.06,347.57
764.759,367.61,262.14,321.82
765.16,311.44,325.33,284.38
765.561,348.89,353.42,253.95
765.962,339.52,290.23,321.82
766.362,281.01,358.1,249.27
766.763,285.69,287.89,324.16
767.163,339.52,315.97,361.61
767.564,266.97,344.06,289.06
767.964,339.52,386.19,225.86
768.365,318.46,341.72,363.95
768.765,320.8,325.33,284.38
769.165,306.76,322.99,356.93
769.566,276.33,297.25,282.03
769.966,273.99,234.05,193.09
770.366,306.76,266.82,305.44
770.766,276.33,290.23,246.93
771.166,346.55,322.99,263.31
771.566,290.37,285.55,300.76
771.966,320.8,229.37,282.03
772.366,316.12,255.12,317.14
772.766,276.33,290.23,296.08
773.165,311.44,337.04,272.67
773.565,306.76,358.1,296.08
773.965,227.18,365.12,291.4
774.364,255.26,269.16,338.21
774.764,306.76,372.15,298.42
775.163,334.84,271.5,300.76
775.563,266.97,311.29,333.53
775.962,334.84,337.04,286.72
776.361,290.37,301.93,263.31
776.761,348.89,315.97,286.72
777.16,313.78,311.29,352.25
777.559,231.86,325.33,275.01
777.958,302.08,287.89,347.57
778.357,281.01,269.16,324.16
778.756,306.76,294.91,342.89
779.155,288.03,259.8,317.14
779.554,292.71,330.02,307.78
779.952,273.99,327.68,328.85
780.351,295.05,344.06,272.67
780.75,276.33,301.93,326.5
781.149,276.33,269.16,321.82
781.547,341.86,365.12,312.46
781.946,381.65,325.33,307.78
782.344,362.93,332.36,321.82
782.742,283.35,348.74,338.21
783.141,334.84,337.04,385.02
783.539,290.37,322.99,368.63
783.937,372.29,311.29,352.25
784.336,297.39,259.8,289.06
784.734,297.39,311.29,291.4
785.132,327.82,292.57,260.97
785.53,339.52,339.38,312.46
785.928,339.52,250.44,338.21
786.326,332.5,313.63,375.66
786.723,306.76,372.15,335.87
787.121,334.84,322.99,249.27
787.519,327.82,273.84,289.06
787.917,334.84,266.82,373.32
788.314,229.52,285.55,270.33
788.712,386.33,339.38,282.03
789.109,344.21,311.29,239.9
789.507,327.82,322.99,349.91
789.904,290.37,273.84,251.61
790.302,309.1,344.06,296.08
790.699,264.63,306.61,321.82
791.096,271.65,259.8,242.25
791.493,337.18,339.38,260.97
791.89,327.82,299.59,300.76
792.287,320.8,255.12,291.4
792.684,297.39,297.25,275.01
793.081,297.39,259.8,249.27
793.478,337.18,355.76,359.27
793.875,271.65,304.27,300.76
794.272,292.71,287.89,340.55
794.669,273.99,311.29,359.27
795.065,285.69,273.84,345.23
795.462,304.42,243.42,286.72
795.858,297.39,332.36,314.8
796.255,313.78,280.86,310.12
796.651,330.16,353.42,267.99
797.048,334.84,245.76,380.34
797.444,313.78,299.59,230.54
797.84,365.27,315.97,298.42
798.237,276.33,362.78,265.65
798.633,334.84,231.71,279.69
799.029,348.89,264.48,298.42
799.425,311.44,327.68,270.33
799.821,383.99,280.86,253.95
800.217,309.1,290.23,305.44
800.613,290.37,390.87,317.14
801.008,302.08,311.29,338.21
801.404,252.92,311.29,286.72
801.8,285.69,341.72,300.76
802.196,273.99,269.16,312.46
802.591,266.97,348.74,235.22
802.987,288.03,334.7,256.29
803.382,203.77,283.2,392.04
803.778,297.39,252.78,216.5
804.173,248.24,280.86,279.69
804.568,316.12,308.95,335.87
804.963,320.8,379.17,321.82
805.359,302.08,311.29,328.85
805.754,257.61,262.14,249.27
806.149,283.35,243.42,345.23
806.544,309.1,308.95,279.69
806.939,320.8,283.2,317.14
807.334,283.35,414.27,270.33
807.729,255.26,271.5,298.42
808.123,306.76,325.33,286.72
808.518,316.12,304.27,282.03
808.913,386.33,241.08,298.42
809.307,304.42,285.55,338.21
809.702,295.05,292.57,300.76
810.096,290.37,362.78,349.91
810.491,269.31,234.05,300.76
810.885,285.69,297.25,349.91
811.28,330.16,273.84,296.08
811.674,297.39,290.23,289.06
812.068,316.12,269.16,263.31
812.462,332.5,271.5,328.85
812.856,255.26,290.23,314.8
813.251,288.03,311.29,235.22
813.645,309.1,393.21,258.63
814.038,362.93,292.57,279.69
814.432,285.69,358.1,319.48
814.826,327.82,294.91,277.35
815.22,320.8,325.33,282.03
815.614,316.12,287.89,239.9
816.007,320.8,367.46,246.93
816.401,241.22,327.68,328.85
816.794,304.42,358.1,307.78
817.188,332.5,255.12,267.99
817.581,281.01,262.14,223.52
817.975,257.61,292.57,298.42
818.368,297.39,299.59,221.18
818.761,327.82,320.65,305.44
819.154,266.97,318.31,249.27
819.548,353.57,306.61,296.08
819.941,348.89,369.8,333.53
820.334,297.39,315.97,319.48
820.727,341.86,397.89,258.63
821.12,297.39,297.25,307.78
821.512,273.99,358.1,265.65
821.905,271.65,315.97,289.06
822.298,302.08,353.42,359.27
822.691,318.46,290.23,312.46
823.083,257.61,318.31,249.27
823.476,344.21,304.27,275.01
823.868,306.76,266.82,242.25
824.261,285.69,360.44,307.78
824.653,236.54,292.57,293.74
825.045,334.84,273.84,270.33
825.438,309.1,306.61,289.06
825.83,250.58,346.4,321.82
826.222,281.01,262.14,279.69
826.614,213.14,311.29,211.82
827.006,355.91,318.31,300.76
827.398,325.48,292.57,265.65
827.79,393.36,332.36,300.76
828.182,297.39,287.89,305.44
828.574,323.14,311.29,314.8
828.966,311.44,362.78,291.4
829.357,259.95,327.68,289.06
829.749,351.23,322.99,270.33
830.14,264.63,379.17,258.63
830.532,316.12,308.95,260.97
830.923,255.26,374.49,277.35
831.315,302.08,264.48,307.78
831.706,292.71,287.89,272.67
832.097,318.46,327.68,263.31
832.489,278.67,315.97,300.76
832.88,243.56,315.97,284.38
833.271,283.35,355.76,263.31
833.662,238.88,236.39,244.59
834.053,309.1,229.37,338.21
834.444,334.84,365.12,263.31
834.835,320.8,301.93,267.99
835.226,290.37,264.48,265.65
835.616,248.24,294.91,267.99
836.007,318.46,299.59,263.31
836.398,297.39,360.44,314.8
836.788,302.08,290.23,258.63
837.179,304.42,304.27,270.33
837.569,325.48,376.83,324.16
837.96,266.97,346.4,277.35
838.35,281.01,271.5,312.46
838.741,341.86,257.46,282.03
839.131,339.52,311.29,289.06
839.521,304.42,367.46,272.67
839.911,203.77,269.16,310.12
840.301,241.22,234.05,195.43
840.691,290.37,306.61,317.14
841.081,346.55,418.96,237.56
841.471,327.82,269.16,293.74
841.861,281.01,224.69,235.22
842.251,222.5,257.46,279.69
842.64,276.33,294.91,286.72
843.03,334.84,311.29,333.53
843.42,241.22,327.68,275.01
843.809,330.16,294.91,289.06
844.199,264.63,369.8,258.63
844.588,297.39,255.12,249.27
844.977,290.37,294.91,293.74
845.367,320.8,332.36,251.61
845.756,299.73,278.52,317.14
846.145,269.31,318.31,314.8
846.534,383.99,255.12,321.82
846.923,271.65,259.8,270.33
847.312,309.1,306.61,319.48
847.701,299.73,299.59,284.38
848.09,302.08,320.65,249.27
848.479,259.95,273.84,298.42
848.868,285.69,257.46,324.16
849.257,243.56,285.55,237.56
849.645,309.1,292.57,258.63
850.034,295.05,332.36,284.38
850.422,402.72,273.84,289.06
850.811,313.78,280.86,349.91
851.199,292.71,348.74,286.72
851.588,309.1,320.65,333.53
851.976,295.05,311.29,298.42
852.364,295.05,306.61,312.46
852.753,320.8,304.27,291.4
853.141,309.1,250.44,317.14
853.529,283.35,341.72,300.76
853.917,269.31,308.95,298.42
854.305,288.03,381.51,317.14
854.693,295.05,327.68,342.89
855.08,323.14,236.39,267.99
855.468,248.24,341.72,284.38
855.856,297.39,306.61,317.14
856.244,334.84,245.76,282.03
856.631,273.99,297.25,267.99
857.019,330.16,315.97,300.76
857.406,372.29,322.99,239.9
857.794,323.14,271.5,249.27
858.181,285.69,322.99,321.82
858.568,245.9,334.7,284.38
858.956,358.25,276.18,258.63
859.343,344.21,301.93,331.19
859.73,358.25,374.49,338.21
860.117,283.35,318.31,296.08
860.504,304.42,344.06,291.4
860.891,313.78,287.89,312.46
861.278,344.21,294.91,319.48
861.665,327.82,301.93,331.19
862.052,271.65,315.97,263.31
862.438,306.76,250.44,312.46
862.825,325.48,292.57,312.46
863.212,285.69,297.25,319.48
863.598,302.08,292.57,282.03
863.985,309.1,292.57,300.76
864.371,327.82,311.29,349.91
864.757,295.05,262.14,300.76
865.144,259.95,318.31,258.63
865.53,309.1,339.38,289.06
865.916,273.99,332.36,321.82
866.302,290.37,358.1,263.31
866.688,271.65,311.29,366.29
867.074,283.35,325.33,352.25
867.46,398.04,266.82,256.29
867.846,309.1,311.29,246.93
868.232,367.61,292.57,319.48
868.618,306.76,351.08,251.61
869.004,313.78,315.97,270.33
869.389,281.01,306.61,335.87
869.775,266.97,287.89,333.53
870.16,271.65,297.25,338.21
870.546,243.56,360.44,267.99
870.931,320.8,304.27,310.12
871.317,266.97,257.46,258.63
871.702,311.44,374.49,331.19
872.087,309.1,255.12,272.67
872.472,266.97,294.91,251.61
872.857,285.69,269.16,321.82
873.242,278.67,248.1,335.87
873.627,323.14,285.55,319.48
874.012,365.27,294.91,319.48
874.397,238.88,269.16,319.48
874.782,297.39,273.84,321.82
875.167,290.37,322.99,326.5
875.552,309.1,365.12,230.54
875.936,292.71,407.25,277.35
876.321,276.33,301.93,349.91
876.705,386.33,320.65,303.1
877.09,337.18,318.31,260.97
877.474,334.84,222.35,356.93
877.858,325.48,348.74,232.88
878.243,306.76,292.57,321.82
878.627,273.99,299.59,359.27
879.011,297.39,273.84,331.19
879.395,395.7,255.12,347.57
879.779,346.55,325.33,310.12
880.163,306.76,248.1,317.14
880.547,372.29,404.91,312.46
880.931,316.12,346.4,284.38
881.315,264.63,322.99,293.74
881.699,339.52,348.74,244.59
882.082,311.44,332.36,289.06
882.466,281.01,304.27,319.48
882.849,334.84,311.29,232.88
883.233,320.8,318.31,298.42
883.616,323.14,280.86,263.31
884,323.14,285.55,314.8
884.383,290.37,306.61,296.08
884.766,297.39,255.12,298.42
885.15,306.76,315.97,300.76
885.533,376.97,311.29,298.42
885.916,320.8,311.29,342.89
886.299,346.55,348.74,272.67
886.682,302.08,367.46,286.72
887.065,302.08,255.12,298.42
887.448,320.8,273.84,300.76
887.83,288.03,318.31,312.46
888.213,334.84,358.1,286.72
888.596,238.88,320.65,331.19
888.978,292.71,294.91,282.03
889.361,264.63,271.5,270.33
889.743,297.39,360.44,310.12
890.126,292.71,311.29,296.08
890.508,309.1,301.93,275.01
890.89,318.46,320.65,303.1
891.273,351.23,386.19,272.67
891.655,271.65,318.31,298.42
892.037,292.71,283.2,300.76
892.419,276.33,376.83,314.8
892.801,273.99,348.74,363.95
893.183,290.37,341.72,321.82
893.565,269.31,320.65,275.01
893.947,330.16,372.15,282.03
894.328,320.8,383.85,237.56
894.71,266.97,365.12,352.25
895.092,297.39,308.95,258.63
895.473,332.5,285.55,284.38
895.855,311.44,332.36,275.01
896.236,311.44,304.27,368.63
896.618,255.26,353.42,289.06
896.999,309.1,304.27,300.76
897.38,362.93,379.17,284.38
897.761,269.31,257.46,279.69
898.143,306.76,262.14,282.03
898.524,290.37,337.04,258.63
898.905,330.16,273.84,298.42
899.286,306.76,386.19,324.16
899.666,306.76,332.36,312.46
900.047,309.1,292.57,317.14
900.428,302.08,334.7,272.67
900.809,376.97,346.4,314.8
901.19,369.95,217.67,314.8
901.57,271.65,348.74,406.08
901.951,252.92,318.31,251.61
902.331,290.37,337.04,216.5
902.712,346.55,330.02,321.82
903.092,339.52,318.31,328.85
903.472,355.91,304.27,296.08
903.852,330.16,344.06,289.06
904.233,283.35,325.33,289.06
904.613,344.21,334.7,291.4
904.993,320.8,250.44,352.25
905.373,241.22,264.48,291.4
905.753,355.91,285.55,328.85
906.133,318.46,386.19,312.46
906.512,320.8,346.4,275.01
906.892,306.76,292.57,200.12
907.272,255.26,269.16,258.63
907.651,269.31,322.99,331.19
908.031,266.97,297.25,289.06
908.41,288.03,332.36,335.87
908.79,276.33,250.44,293.74
909.169,334.84,266.82,338.21
909.549,290.37,313.63,246.93
909.928,278.67,341.72,314.8
910.307,292.71,332.36,218.84
910.686,351.23,297.25,260.97
911.065,283.35,332.36,239.9
911.444,323.14,259.8,314.8
911.823,292.71,322.99,289.06
912.202,285.69,278.52,239.9
912.581,325.48,278.52,263.31
912.96,283.35,278.52,263.31
913.338,273.99,362.78,267.99
913.717,276.33,290.23,235.22
914.096,311.44,299.59,354.59
914.474,358.25,292.57,286.72
914.853,302.08,222.35,277.35
915.231,302.08,271.5,239.9
915.609,262.29,325.33,368.63
915.988,306.76,311.29,312.46
916.366,229.52,308.95,242.25
916.744,369.95,379.17,277.35
917.122,360.59,360.44,263.31
917.5,351.23,358.1,349.91
917.878,259.95,299.59,300.76
918.256,311.44,322.99,305.44
918.634,313.78,299.59,239.9
919.012,278.67,330.02,312.46
919.389,330.16,280.86,279.69
919.767,297.39,311.29,230.54
920.145,302.08,341.72,335.87
920.522,372.29,299.59,251.61
920.9,391.02,259.8,314.8
921.277,271.65,313.63,284.38
921.654,341.86,334.7,216.5
922.032,290.37,318.31,319.48
922.409,311.44,372.15,293.74
922.786,332.5,311.29,359.27
923.163,341.86,322.99,347.57
923.54,311.44,306.61,300.76
923.917,283.35,304.27,291.4
924.294,285.69,306.61,214.16
924.671,262.29,269.16,347.57
925.048,318.46,290.23,303.1
925.425,379.31,292.57,338.21
925.801,290.37,348.74,279.69
926.178,285.69,278.52,305.44
926.554,304.42,271.5,282.03
926.931,320.8,311.29,349.91
927.307,290.37,339.38,260.97
927.684,309.1,332.36,296.08
928.06,353.57,318.31,296.08
928.436,346.55,332.36,342.89
928.812,320.8,278.52,314.8
929.188,311.44,327.68,321.82
929.565,248.24,393.21,267.99
929.941,297.39,301.93,263.31
930.316,250.58,290.23,263.31
930.692,283.35,346.4,317.14
931.068,320.8,355.76,242.25
931.444,325.48,353.42,293.74
931.82,283.35,344.06,277.35
932.195,372.29,362.78,277.35
932.571,341.86,262.14,366.29
932.946,306.76,315.97,317.14
933.322,311.44,311.29,293.74
933.697,306.76,280.86,260.97
934.072,257.61,332.36,342.89
934.448,334.84,322.99,242.25
934.823,309.1,255.12,286.72
935.198,295.05,315.97,326.5
935.573,257.61,301.93,363.95
935.948,332.5,390.87,366.29
936.323,276.33,325.33,331.19
936.698,273.99,269.16,335.87
937.073,302.08,367.46,204.8
937.447,316.12,273.84,338.21
937.822,341.86,311.29,246.93
938.197,372.29,367.46,326.5
938.571,348.89,301.93,251.61
938.946,264.63,306.61,258.63
939.32,290.37,325.33,293.74
939.694,273.99,287.89,333.53
940.069,348.89,318.31,298.42
940.443,295.05,325.33,366.29
940.817,273.99,320.65,267.99
941.191,292.71,273.84,296.08
941.565,278.67,327.68,314.8
941.939,299.73,266.82,345.23
942.313,245.9,287.89,284.38
942.687,325.48,297.25,279.69
943.061,266.97,276.18,225.86
943.435,323.14,292.57,282.03
943.808,306.76,285.55,237.56
944.182,311.44,327.68,258.63
944.556,252.92,360.44,249.27
944.929,346.55,348.74,338.21
945.303,252.92,299.59,251.61
945.676,273.99,283.2,230.54
946.049,376.97,301.93,286.72
946.422,344.21,287.89,275.01
946.796,292.71,308.95,359.27
947.169,222.5,322.99,260.97
947.542,304.42,313.63,305.44
947.915,302.08,332.36,324.16
948.288,266.97,353.42,291.4
948.661,334.84,262.14,305.44
949.033,278.67,308.95,286.72
949.406,334.84,330.02,267.99
949.779,353.57,386.19,342.89
950.151,325.48,287.89,300.76
950.524,304.42,287.89,284.38
950.897,318.46,311.29,331.19
951.269,334.84,341.72,272.67
951.641,288.03,346.4,291.4
952.014,245.9,320.65,324.16
952.386,302.08,283.2,284.38
952.758,285.69,250.44,251.61
953.13,306.76,374.49,310.12
953.502,295.05,304.27,235.22
953.874,299.73,320.65,296.08
954.246,325.48,344.06,286.72
954.618,255.26,299.59,300.76
954.99,269.31,285.55,305.44
955.361,316.12,322.99,319.48
955.733,255.26,299.59,298.42
956.105,269.31,311.29,275.01
956.476,318.46,257.46,253.95
956.848,288.03,287.89,298.42
957.219,334.84,299.59,275.01
957.591,313.78,306.61,197.78
957.962,334.84,369.8,272.67
958.333,325.48,348.74,253.95
958.704,330.16,304.27,373.32
959.075,255.26,273.84,246.93
959.446,252.92,330.02,335.87
959.817,264.63,327.68,293.74
960.188,311.44,311.29,253.95
960.559,295.05,212.99,275.01
960.93,264.63,266.82,293.74
961.301,327.82,315.97,296.08
961.671,325.48,322.99,291.4
962.042,376.97,229.37,232.88
962.412,269.31,252.78,260.97
962.783,344.21,318.31,349.91
963.153,297.39,320.65,338.21
963.524,285.69,337.04,331.19
963.894,334.84,301.93,211.82
964.264,231.86,243.42,232.88
964.634,306.76,341.72,314.8
965.004,290.37,273.84,246.93
965.374,250.58,273.84,375.66
965.744,288.03,290.23,270.33
966.114,311.44,278.52,300.76
966.484,276.33,248.1,237.56
966.854,295.05,301.93,319.48
967.224,271.65,292.57,307.78
967.593,302.08,339.38,293.74
967.963,283.35,285.55,321.82
968.332,269.31,341.72,284.38
968.702,330.16,348.74,263.31
969.071,318.46,325.33,244.59
969.44,344.21,292.57,279.69
969.81,283.35,355.76,373.32
970.179,309.1,327.68,307.78
970.548,302.08,327.68,300.76
970.917,196.75,362.78,253.95
971.286,302.08,334.7,277.35
971.655,288.03,337.04,328.85
972.024,302.08,311.29,218.84
972.393,353.57,290.23,289.06
972.761,269.31,311.29,256.29
973.13,273.99,306.61,275.01
973.499,264.63,344.06,263.31
973.867,348.89,322.99,321.82
974.236,297.39,313.63,277.35
974.604,318.46,330.02,293.74
974.973,292.71,311.29,333.53
975.341,297.39,344.06,305.44
975.709,325.48,294.91,289.06
976.077,259.95,241.08,310.12
976.445,283.35,348.74,286.72
976.813,379.31,308.95,223.52
977.181,355.91,273.84,277.35
977.549,332.5,337.04,270.33
977.917,309.1,344.06,272.67
978.285,325.48,285.55,307.78
978.653,320.8,411.93,300.76
979.02,327.82,285.55,188.41
979.388,266.97,311.29,310.12
979.755,297.39,311.29,282.03
980.123,372.29,320.65,267.99
980.49,372.29,271.5,225.86
980.858,297.39,348.74,202.46
981.225,313.78,241.08,214.16
981.592,355.91,308.95,221.18
981.959,290.37,362.78,284.38
982.326,306.76,322.99,321.82
982.693,292.71,308.95,279.69
983.06,344.21,290.23,352.25
983.427,297.39,294.91,305.44
983.794,278.67,292.57,331.19
984.161,243.56,369.8,244.59
984.528,297.39,255.12,282.03
984.894,302.08,341.72,286.72
985.261,273.99,287.89,251.61
985.627,278.67,259.8,263.31
985.994,283.35,250.44,263.31
986.36,304.42,245.76,321.82
986.726,297.39,362.78,321.82
987.093,313.78,332.36,319.48
987.459,339.52,297.25,286.72
987.825,292.71,241.08,296.08
988.191,281.01,273.84,225.86
988.557,341.86,372.15,298.42
988.923,381.65,327.68,244.59
989.289,332.5,332.36,279.69
989.654,334.84,315.97,251.61
990.02,341.86,365.12,272.67
990.386,259.95,292.57,218.84
990.751,304.42,308.95,289.06
991.117,320.8,259.8,239.9
991.482,320.8,304.27,270.33
991.848,281.01,362.78,324.16
992.213,337.18,306.61,298.42
992.578,273.99,285.55,361.61
992.944,220.16,315.97,349.91
993.309,248.24,285.55,331.19
993.674,250.58,306.61,291.4
994.039,295.05,353.42,267.99
994.404,351.23,325.33,347.57
994.769,264.63,299.59,300.76
995.134,276.33,210.65,256.29
995.498,273.99,369.8,300.76
995.863,318.46,250.44,289.06
996.228,248.24,311.29,300.76
996.592,325.48,358.1,244.59
996.957,262.29,330.02,284.38
997.321,297.39,278.52,366.29
997.685,304.42,266.82,310.12
998.05,252.92,285.55,267.99
998.414,257.61,322.99,232.88
998.778,271.65,297.25,202.46
999.142,285.69,393.21,300.76
999.506,269.31,362.78,284.38
999.87,266.97,325.33,289.06
1000.234,273.99,278.52,263.31
1000.598,290.37,262.14,310.12
1000.962,297.39,367.46,239.9
1001.326,288.03,231.71,349.91
1001.689,367.61,269.16,331.19
1002.053,332.5,285.55,326.5
1002.416,344.21,299.59,202.46
1002.78,369.95,320.65,293.74
1003.143,311.44,381.51,300.76
1003.506,316.12,327.68,293.74
1003.87,330.16,355.76,354.59
1004.233,341.86,369.8,251.61
1004.596,306.76,341.72,312.46
1004.959,334.84,358.1,352.25
1005.322,276.33,311.29,300.76
1005.685,243.56,341.72,263.31
1006.048,269.31,280.86,296.08
1006.411,409.74,374.49,317.14
1006.773,269.31,379.17,293.74
1007.136,297.39,278.52,256.29
1007.499,259.95,287.89,286.72
1007.861,325.48,271.5,270.33
1008.224,276.33,311.29,214.16
1008.586,302.08,367.46,324.16
1008.948,304.42,334.7,321.82
1009.311,245.9,344.06,275.01
1009.673,295.05,273.84,335.87
1010.035,323.14,358.1,352.25
1010.397,302.08,271.5,267.99
1010.759,320.8,292.57,277.35
1011.121,306.76,341.72,244.59
1011.483,241.22,285.55,253.95
1011.845,269.31,290.23,275.01
1012.207,271.65,285.55,321.82
1012.568,292.71,255.12,342.89
1012.93,266.97,290.23,314.8
1013.291,262.29,330.02,361.61
1013.653,355.91,311.29,338.21
1014.014,334.84,311.29,298.42
1014.376,259.95,299.59,321.82
1014.737,278.67,287.89,293.74
1015.098,327.82,318.31,256.29
1015.459,320.8,299.59,272.67
1015.82,292.71,273.84,284.38
1016.181,341.86,315.97,235.22
1016.542,257.61,327.68,298.42
1016.903,255.26,327.68,284.38
1017.264,259.95,304.27,286.72
1017.625,320.8,311.29,284.38
1017.986,290.37,332.36,324.16
1018.346,309.1,315.97,338.21
1018.707,302.08,290.23,263.31
1019.067,348.89,297.25,277.35
1019.428,302.08,308.95,267.99
1019.788,311.44,325.33,242.25
1020.148,285.69,322.99,263.31
1020.509,318.46,266.82,270.33
1020.869,299.73,341.72,216.5
1021.229,311.44,278.52,300.76
1021.589,339.52,346.4,335.87
1021.949,297.39,191.92,282.03
1022.309,337.18,273.84,258.63
1022.669,334.84,299.59,300.76
1023.028,369.95,334.7,263.31
1023.388,313.78,292.57,263.31
1023.748,290.37,299.59,272.67
1024.107,297.39,234.05,326.5
1024.467,330.16,379.17,279.69
1024.826,304.42,255.12,279.69
1025.186,276.33,299.59,300.76
1025.545,262.29,252.78,284.38
1025.904,257.61,337.04,277.35
1026.263,266.97,339.38,310.12
1026.623,269.31,257.46,324.16
1026.982,288.03,304.27,293.74
1027.341,276.33,266.82,277.35
1027.699,330.16,271.5,289.06
1028.058,297.39,348.74,338.21
1028.417,344.21,339.38,324.16
1028.776,358.25,311.29,335.87
1029.134,318.46,311.29,328.85
1029.493,285.69,341.72,193.09
1029.852,252.92,243.42,300.76
1030.21,313.78,278.52,298.42
1030.568,297.39,297.25,277.35
1030.927,262.29,332.36,293.74
1031.285,325.48,320.65,256.29
1031.643,266.97,259.8,300.76
1032.001,297.39,358.1,328.85
1032.359,264.63,273.84,256.29
1032.717,273.99,339.38,270.33
1033.075,295.05,264.48,328.85
1033.433,285.69,304.27,289.06
1033.791,304.42,348.74,321.82
1034.148,283.35,337.04,253.95
1034.506,276.33,257.46,260.97
1034.864,189.73,294.91,363.95
1035.221,264.63,257.46,256.29
1035.579,316.12,243.42,300.76
1035.936,327.82,299.59,291.4
1036.293,320.8,264.48,286.72
1036.651,320.8,264.48,286.72
1037.008,320.8,264.48,286.72